job,arrival,started,finished,user,user_1_st,user_2_st,user_3_st,user_4_st,user_5_st,lateness,wait,service,avg_lateness,avg_wait,avg_service,n_of_jobs
2473678099848,3.237635023555113,46.71629002114113,47.923569399405714,5,1.73743833596369,4.0524686581472125,1.9324167602351452,3.759809366555541,1.2072793782645943,44.6859343758506,43.47865499758601,1.2072793782645874,31.970291184336872,29.657376929594346,2.3129142547425294,40
2473678099568,10.882386541634936,46.71629002114113,50.11815170931513,3,3.766598719209059,3.8985676335768886,3.401861688174,4.425448290135827,2.6744368985628406,39.23576516768019,35.83390347950619,3.4018616881740016,31.970291184336872,29.657376929594346,2.3129142547425294,40
2473678100800,20.56139275867704,46.71629002114113,49.837700019609024,4,3.123808053655355,3.4223990216751217,4.047736081073975,3.1214099984678985,3.0127134761131678,29.276307260931983,26.154897262464086,3.1214099984678967,31.970291184336872,29.657376929594346,2.3129142547425294,40
2473678101024,28.882623484147054,46.71629002114113,49.03940583440449,1,2.323115813263368,4.573573493800223,2.5474241678083294,4.931561071069535,3.442136580287225,20.156782350257437,17.833666536994073,2.323115813263364,31.970291184336872,29.657376929594346,2.3129142547425294,40
2473678101416,34.00417572448887,46.71629002114113,49.665038309659394,2,2.8438330864771664,2.948748288518264,3.5781155738350616,3.3303888755198168,3.835609150979108,15.660862585170527,12.71211429665226,2.948748288518267,31.970291184336872,29.657376929594346,2.3129142547425294,40
2473678101808,39.30356101774925,72.70936437818854,74.28002932529661,4,3.4993530405721502,2.1167418045898545,2.9545782757918446,1.570664947108056,4.09845552625742,34.97646830754736,33.405803360439286,1.570664947108071,31.970291184336872,29.657376929594346,2.3129142547425294,40
2473678102200,41.1912328456326,72.70936437818854,74.52030210386405,1,1.810937725675485,3.2987463421606837,3.740586938355766,2.9515192876108887,2.967492872508489,33.329069258231456,31.51813153255594,1.8109377256755153,31.970291184336872,29.657376929594346,2.3129142547425294,40
2473678160112,46.30661586705769,72.70936437818854,75.15037820431017,5,4.202634393749833,4.007052259371105,3.2346832667051864,4.043794630636743,2.4410138261216168,28.843762337252485,26.402748511130852,2.441013826121633,31.970291184336872,29.657376929594346,2.3129142547425294,40
2473678160504,46.71629002114113,108.52560264126272,110.27281380337752,5,2.975144206259886,2.7238181771790333,2.884321519468088,3.012658677027665,1.7472111621148043,63.55652378223639,61.809312620121595,1.7472111621147945,31.970291184336872,29.657376929594346,2.3129142547425294,40
2473678257176,46.829230073818394,108.52560264126272,110.88911104432651,2,3.2971523194556265,2.3635084030637903,3.4227339897765403,2.586015616523647,3.407082207670096,64.05988097050812,61.69637256744433,2.36350840306379,31.970291184336872,29.657376929594346,2.3129142547425294,40
2473678257064,47.2774050581874,72.70936437818854,74.3568546262998,2,2.2928477860624032,1.6474902481112381,3.9008206188275274,2.023106676533281,3.559189412306452,27.07944956811241,25.43195932000114,1.6474902481112679,31.970291184336872,29.657376929594346,2.3129142547425294,40
2473678256672,57.873285239269364,108.52560264126272,111.38853065868773,1,2.8629280174250002,3.023476194847009,3.8526588247781066,3.2994416021558184,3.651150537455807,53.51524541941836,50.65231740199336,2.8629280174250056,31.970291184336872,29.657376929594346,2.3129142547425294,40
2473678179296,63.83421965999681,134.24471563055664,137.64984865318436,1,3.4051330226277368,3.4800109858611266,3.8505172388096054,4.161791926216723,5.278212499619841,73.81562899318754,70.41049597055982,3.405133022627723,31.970291184336872,29.657376929594346,2.3129142547425294,40
2473678179688,72.70936437818854,72.70936437818854,74.97825984757188,3,2.5514027497434006,1.96288408054226,2.2688954693833168,2.6417202612562067,3.0797888874727137,2.268895469383338,0.0,2.268895469383338,31.970291184336872,29.657376929594346,2.3129142547425294,40
2473678207464,75.72329183985036,134.24471563055664,138.9375647413056,5,3.588705522715298,7.131190511797079,4.721851434659624,6.011565771100671,4.692849110748976,63.214272901455246,58.52142379070628,4.692849110748966,31.970291184336872,29.657376929594346,2.3129142547425294,40
2473678207408,89.8713914916763,108.52560264126272,111.25844912923796,3,2.872303962029548,4.85286780414422,2.732846487975217,3.2542915266802748,3.4878957546693217,21.387057637561654,18.654211149586416,2.7328464879752374,31.970291184336872,29.657376929594346,2.3129142547425294,40
2473678207800,95.04586151028481,108.52560264126272,112.8277578726826,4,5.515218075736108,5.084545684763413,4.936068236960282,4.3021552314198885,5.269346756405661,17.781896362397788,13.479741130977914,4.302155231419874,31.970291184336872,29.657376929594346,2.3129142547425294,40
2473678208192,105.63700403663529,134.24471563055664,134.89352035368228,4,0.7841688002843429,2.0275323161587493,1.6552066705877777,0.6488047231256391,1.12531809031577,29.256516317046987,28.60771159392135,0.648804723125636,31.970291184336872,29.657376929594346,2.3129142547425294,40
2473678208528,108.52560264126272,134.24471563055664,136.33234404681394,3,2.7273016237184735,3.2546474638047482,2.0876284162572905,3.41619729839124,2.072270857315007,27.80674140555122,25.71911298929392,2.087628416257303,31.970291184336872,29.657376929594346,2.3129142547425294,40
2473678256840,122.57617552743055,151.985111079812,153.90046511907588,4,2.270864357690153,3.1061459886067366,2.3728995135148807,1.915354039263872,2.9174371315319174,31.324289591645325,29.408935552381436,1.9153540392638888,31.970291184336872,29.657376929594346,2.3129142547425294,40
2473678208472,125.09376273956352,151.985111079812,153.35682270343386,2,2.416503719501712,1.3717116236218625,1.4962628876846753,1.1502441021151597,2.2775978347749053,28.263059963870347,26.89134834024847,1.3717116236218772,31.970291184336872,29.657376929594346,2.3129142547425294,40
2473678244048,126.62342559613009,134.24471563055664,135.39073213526635,2,2.3994780033961898,1.1460165047097188,1.8585548275665456,1.2994047139443965,2.2374543530582782,8.767306539136257,7.621290034426551,1.1460165047097064,31.970291184336872,29.657376929594346,2.3129142547425294,40
2473678244384,129.84899730995556,171.18819897547894,174.4377800792887,1,3.2495811038097884,3.753001155529829,3.735190538980183,4.2118887311048665,4.853580960486415,44.588782769333136,41.339201665523376,3.24958110380976,31.970291184336872,29.657376929594346,2.3129142547425294,40
2473678244720,134.24471563055664,151.985111079812,153.7684033029012,3,2.940049723003532,3.1686629663383137,1.783292223089186,2.5479704629965765,2.228512937291497,19.52368767234455,17.740395449255345,1.7832922230892052,31.970291184336872,29.657376929594346,2.3129142547425294,40
2473678163864,143.06900254328917,171.18819897547894,172.78006292564322,3,2.127872514353953,2.4619351375873446,1.5918639501642728,2.3985744721278217,2.719516393128332,29.71106038235405,28.119196432189767,1.5918639501642815,31.970291184336872,29.657376929594346,2.3129142547425294,40
2473678207576,147.80788683948063,171.18819897547894,173.1852937570089,4,3.0176596123075354,3.7247818328286915,2.3985879054245776,1.9970947815299755,3.0302516952670437,25.377406917528276,23.38031213599831,1.9970947815299667,31.970291184336872,29.657376929594346,2.3129142547425294,40
2473678160280,151.30723558808901,151.985111079812,155.7750032356645,5,4.068862335555541,6.666657565438308,4.499296006470665,4.355206217497984,3.789892155852502,4.467767647575499,0.6778754917229719,3.7898921558525274,31.970291184336872,29.657376929594346,2.3129142547425294,40
2473678245168,151.47520090300932,151.985111079812,154.03779835518395,1,2.0526872753719383,3.0627708532307136,2.813427167899205,3.275538942688625,1.9785122421923944,2.5625974521746286,0.5099101768026628,2.052687275371966,31.970291184336872,29.657376929594346,2.3129142547425294,40
2473678099456,151.985111079812,171.18819897547894,172.0951069809169,5,2.0644717143912947,3.445378119439723,1.708828289642001,0.7493055957025515,0.9069080054379588,20.109995901104924,19.203087895666954,0.9069080054379697,31.970291184336872,29.657376929594346,2.3129142547425294,40
2473678101808,152.47488972725856,208.45766025099724,210.89634339141347,1,2.4386831404162264,2.826888953411676,2.8013193002777435,3.4449989500451057,3.2939250672456333,58.42145366415491,55.98277052373868,2.438683140416231,31.970291184336872,29.657376929594346,2.3129142547425294,40
2473678207464,166.5783712684666,208.45766025099724,210.19134797520775,4,2.8457831661611466,2.5820294646280373,3.7681173346381582,1.733687724210535,3.267499679582978,43.61297670674114,41.879288982530625,1.7336877242105118,31.970291184336872,29.657376929594346,2.3129142547425294,40
2473678160280,167.72119653307115,171.18819897547894,173.31442044231449,2,3.4794773678667874,2.126221466835576,3.665451671033457,3.1183709076998616,5.11717152520649,5.593223909243335,3.4670024424077894,2.1262214668355455,31.970291184336872,29.657376929594346,2.3129142547425294,40
2473678176608,171.13184367435147,208.45766025099724,209.22030053733585,2,2.266657214606301,0.7626402863385847,1.3574765538038756,1.5858645610594992,1.5431904944914574,38.08845686298437,37.325816576645764,0.762640286338609,31.970291184336872,29.657376929594346,2.3129142547425294,40
2473678291128,171.18819897547894,208.45766025099724,211.35755506416797,3,3.6938870662849412,4.293007860348322,2.8998948131706945,4.514409348275862,3.127346670923916,40.16935608868903,37.269461275518296,2.8998948131707323,31.970291184336872,29.657376929594346,2.3129142547425294,40
2473678291520,176.79331073777095,231.6039638592524,233.39044847425828,4,4.204861313017412,2.8482477574902645,3.228449679109692,1.786484615005851,2.56662933638932,56.597137736487326,54.81065312148144,1.7864846150058895,31.970291184336872,29.657376929594346,2.3129142547425294,40
2473678244832,177.9455071668369,231.6039638592524,234.76060202425515,2,3.819578393100464,3.1566381650027338,3.3841894028348385,3.2172944106334467,4.910758301013421,56.815094857418245,53.658456692415484,3.156638165002761,31.970291184336872,29.657376929594346,2.3129142547425294,40
2473678294432,199.57000055134688,231.6039638592524,232.64410099116023,3,3.2507899604804225,2.537061848837268,1.0401371319078438,2.0193442208770653,1.7682927189072206,33.07410043981335,32.03396330790551,1.0401371319078407,31.970291184336872,29.657376929594346,2.3129142547425294,40
2473678294656,199.63569125104604,208.45766025099724,212.37680456593566,5,4.1370847942134175,3.6906464362949754,5.69752020237989,4.066587509135924,3.9191443149384297,12.741113314889617,8.821968999951196,3.9191443149384213,31.970291184336872,29.657376929594346,2.3129142547425294,40
2473678381128,214.74211101131561,231.6039638592524,233.2025078971524,1,1.598544037899997,2.789245580122112,2.750405841476044,1.7367047032299845,1.7799686249023754,18.460396885836786,16.861852847936774,1.5985440379000124,31.970291184336872,29.657376929594346,2.3129142547425294,40
2473678292192,224.6342531321608,231.6039638592524,235.2695747325296,5,4.244041855088186,4.113262203847743,5.284417516048842,4.3865541413094435,3.665610873277146,10.635321600368798,6.969710727091581,3.665610873277217,31.970291184336872,29.657376929594346,2.3129142547425294,40
